<?xml version="1.0" encoding="utf-8" ?>
<dwsync>
<file name="author_socials.png" server="ftp.themefuse.com//demo/html/The Practice/" local="129794057608165920" remote="129826510800000000" />
<file name="btn_facebook.png" server="ftp.themefuse.com//demo/html/The Practice/" local="129818183410437883" remote="129826510800000000" />
<file name="btn_skype.png" server="ftp.themefuse.com//demo/html/The Practice/" local="129818183017325399" remote="129826510800000000" />
<file name="btn_twitter.png" server="ftp.themefuse.com//demo/html/The Practice/" local="129818183275670175" remote="129826510800000000" />
<file name="footer_social.png" server="ftp.themefuse.com//demo/html/The Practice/" local="129812046194794780" remote="129826510800000000" />
<file name="icon_arrow_gray.png" server="ftp.themefuse.com//demo/html/The Practice/" local="129818149431914423" remote="129826510800000000" />
<file name="icon_check.png" server="ftp.themefuse.com//demo/html/The Practice/" local="129818236366836816" remote="129826510800000000" />
<file name="icon_check2.png" server="ftp.themefuse.com//demo/html/The Practice/" local="129820928796653489" remote="129826510800000000" />
<file name="icon_location.png" server="ftp.themefuse.com//demo/html/The Practice/" local="129811979600765820" remote="129826510800000000" />
<file name="icon_more.png" server="ftp.themefuse.com//demo/html/The Practice/" local="129809546568347698" remote="129826510800000000" />
<file name="icon_quotes.png" server="ftp.themefuse.com//demo/html/The Practice/" local="129811390948517204" remote="129826510800000000" />
<file name="icon_quotes2.png" server="ftp.themefuse.com//demo/html/The Practice/" local="129821551188244725" remote="129826510800000000" />
<file name="icon_search.png" server="ftp.themefuse.com//demo/html/The Practice/" local="129815646419946232" remote="129826510800000000" />
<file name="icon_totop.png" server="ftp.themefuse.com//demo/html/The Practice/" local="129785497777116130" remote="129826510800000000" />
<file name="icon_twitter.png" server="ftp.themefuse.com//demo/html/The Practice/" local="129811049659076564" remote="129826510800000000" />
<file name="icon_twitter2.png" server="ftp.themefuse.com//demo/html/The Practice/" local="129821554903467224" remote="129826510800000000" />
<file name="icon_x.png" server="ftp.themefuse.com//demo/html/The Practice/" local="129818236879056113" remote="129826510800000000" />
<file name="icon_x2.png" server="ftp.themefuse.com//demo/html/The Practice/" local="129820929097630704" remote="129826510800000000" />
<file name="icon_zoom.png" server="ftp.themefuse.com//demo/html/The Practice/" local="129793261622347239" remote="129826510800000000" />
<file name="sh_icons.png" server="ftp.themefuse.com//demo/html/The Practice/" local="129794049407636876" remote="129826511400000000" />
<file name="share_links.png" server="ftp.themefuse.com//demo/html/The Practice/" local="129816406777949931" remote="129826511400000000" />
<file name="toggle_icons.png" server="ftp.themefuse.com//demo/html/The Practice/" local="129821704897116370" remote="129826511400000000" />
<file name="widget_icon_01.png" server="ftp.themefuse.com//demo/html/The Practice/" local="129815399269140015" remote="129826511400000000" />
<file name="widget_icon_02.png" server="ftp.themefuse.com//demo/html/The Practice/" local="129815399622160206" remote="129826511400000000" />
<file name="widget_icon_03.png" server="ftp.themefuse.com//demo/html/The Practice/" local="129815400057335097" remote="129826511400000000" />
<file name="widget_icon_04.png" server="ftp.themefuse.com//demo/html/The Practice/" local="129815400392984295" remote="129826511400000000" />
<file name="widget_icon_05.png" server="ftp.themefuse.com//demo/html/The Practice/" local="129815400784286676" remote="129826511400000000" />
<file name="widget_icon_06.png" server="ftp.themefuse.com//demo/html/The Practice/" local="129821666032993469" remote="129826511400000000" />
<file name="widget_icon_07.png" server="ftp.themefuse.com//demo/html/The Practice/" local="129821670150969004" remote="129826511400000000" />
<file name="widget_icon_08.png" server="ftp.themefuse.com//demo/html/The Practice/" local="129821669594287163" remote="129826511400000000" />
<file name="widget_icon_09.png" server="ftp.themefuse.com//demo/html/The Practice/" local="129821671768351513" remote="129826511400000000" />
</dwsync>